farm_id,monitoring_days_per_month,climate_risk_index,response_time_days,yield_loss_pct,regular_monitoring,effective_response
2020,30,31.609558333333336,63.21911666666667,0,1,0
2021,30,30.916758333333334,61.83351666666667,0,1,0
2022,30,31.18841666666667,62.37683333333334,25.55230653379363,1,0
2023,30,31.245166666666666,62.49033333333333,5.100583845950728,1,0
2024,0,31.33328333333333,77.66656666666665,0,0,0
